{"cameraMode":{"drawMode":0,"name":"Shaded","section":"Shading Mode"},"sceneLighting":true,"audioPlay":false,"sceneViewState":{"showFog":true,"showMaterialUpdate":false,"showSkybox":true,"showFlares":true,"showImageEffects":true,"showParticleSystems":true},"in2DMode":false,"pivot":{"x":212.9677734375,"y":144.92245483398438,"z":404.17120361328127},"rotation":{"x":0.26631635427474978,"y":-0.07047083973884583,"z":0.01952381432056427,"w":0.9611150026321411},"size":40.93202209472656,"orthographic":false}